outcome,sample,model,omitted_park,estimate,std_error,p_value,n_obs,parks,converged,error,stars
total_crime,all_main_events,baseline_ppml,"",0.0349938923501088,0.0567850024820822,0.537727969309051,2415,9,TRUE,"",""
total_crime,all_main_events,unit_specific_linear_trend,"",-0.0159324253580886,0.0479876378985186,0.739880925972423,2415,9,TRUE,"",""
theft,all_main_events,baseline_ppml,"",0.0827610474745133,0.127670280955963,0.516829407313457,2387,9,TRUE,"",""
theft,all_main_events,unit_specific_linear_trend,"",0.0313822527078918,0.0873241710632211,0.7193134717005,2387,9,TRUE,"",""
non_theft,all_main_events,baseline_ppml,"",0.0131897577922635,0.039390441392472,0.737740759562086,2401,9,TRUE,"",""
non_theft,all_main_events,unit_specific_linear_trend,"",-0.0362126786279052,0.0547162864925246,0.508082534986293,2401,9,TRUE,"",""
day_crime,all_main_events,baseline_ppml,"",0.0754723171808179,0.0676962698889474,0.26490754742785,2408,9,TRUE,"",""
day_crime,all_main_events,unit_specific_linear_trend,"",-0.0103460831844827,0.0562507077874853,0.854069896819793,2408,9,TRUE,"",""
night_crime,all_main_events,baseline_ppml,"",-0.00649484873001324,0.054662708257677,0.905420488995388,2401,9,TRUE,"",""
night_crime,all_main_events,unit_specific_linear_trend,"",-0.0189634239154039,0.0656281703505656,0.772617726952656,2401,9,TRUE,"",""
total_crime,strict_first_openings,baseline_ppml,"",0.0251502100370063,0.0624623047118739,0.68720851257427,1568,6,TRUE,"",""
theft,strict_first_openings,baseline_ppml,"",0.0441016867053318,0.106087107546349,0.677620738144487,1554,6,TRUE,"",""
non_theft,strict_first_openings,baseline_ppml,"",0.0102809814352574,0.0549955055361693,0.851705942453293,1561,6,TRUE,"",""
day_crime,strict_first_openings,baseline_ppml,"",0.0486963047757896,0.0697494254649901,0.485076727169232,1561,6,TRUE,"",""
night_crime,strict_first_openings,baseline_ppml,"",-0.00266493047682034,0.0673772862579857,0.968450011331183,1561,6,TRUE,"",""
total_crime,leave_one_park_out,baseline_ppml,Robert E. Venable Park,0.0258993750415467,0.060167008418703,0.666862452736349,2128,8,TRUE,"",""
theft,leave_one_park_out,baseline_ppml,Robert E. Venable Park,0.0780144862530552,0.132865758607856,0.557091061031566,2100,8,TRUE,"",""
non_theft,leave_one_park_out,baseline_ppml,Robert E. Venable Park,0.00226281751328237,0.0414627176431767,0.95647725412982,2114,8,TRUE,"",""
day_crime,leave_one_park_out,baseline_ppml,Robert E. Venable Park,0.0712293233917391,0.0714215068144686,0.31861446600235,2121,8,TRUE,"",""
night_crime,leave_one_park_out,baseline_ppml,Robert E. Venable Park,-0.0209217803421633,0.0575437192157064,0.716171210700311,2114,8,TRUE,"",""
total_crime,leave_one_park_out,baseline_ppml,Betty Carter Park,0.031248794897837,0.0622469528062786,0.615658202691038,2170,8,TRUE,"",""
theft,leave_one_park_out,baseline_ppml,Betty Carter Park,0.0881657287445391,0.149764266070542,0.556064754113093,2142,8,TRUE,"",""
non_theft,leave_one_park_out,baseline_ppml,Betty Carter Park,0.006990948996321,0.0415992289204625,0.866540188707741,2156,8,TRUE,"",""
day_crime,leave_one_park_out,baseline_ppml,Betty Carter Park,0.0688553329853127,0.0756052577531704,0.362442138179085,2163,8,TRUE,"",""
night_crime,leave_one_park_out,baseline_ppml,Betty Carter Park,-0.00662993741471942,0.0587029707693392,0.910077801049856,2156,8,TRUE,"",""
total_crime,leave_one_park_out,baseline_ppml,Chelsea Green,0.0796960537352659,0.063029263716561,0.206075948094718,2149,8,TRUE,"",""
theft,leave_one_park_out,baseline_ppml,Chelsea Green,0.196931830771015,0.155003112411981,0.203905718293273,2128,8,TRUE,"",""
non_theft,leave_one_park_out,baseline_ppml,Chelsea Green,0.038895989328348,0.0420537364681409,0.355011884172388,2135,8,TRUE,"",""
day_crime,leave_one_park_out,baseline_ppml,Chelsea Green,0.129234392609019,0.0739664765086773,0.0806022652714259,2149,8,TRUE,"",""
night_crime,leave_one_park_out,baseline_ppml,Chelsea Green,0.0317008713800885,0.0616310896084169,0.606996870368913,2135,8,TRUE,"",""
total_crime,leave_one_park_out,baseline_ppml,Schmul Park,0.035855768430636,0.0570060959010392,0.529361297351745,2303,8,TRUE,"",""
theft,leave_one_park_out,baseline_ppml,Schmul Park,0.0832110008854319,0.128282303688545,0.516561179232339,2289,8,TRUE,"",""
non_theft,leave_one_park_out,baseline_ppml,Schmul Park,0.0136991896470584,0.0395136354957442,0.728820280808136,2296,8,TRUE,"",""
day_crime,leave_one_park_out,baseline_ppml,Schmul Park,0.0770556002268432,0.0679373885119357,0.25670440364953,2296,8,TRUE,"",""
night_crime,leave_one_park_out,baseline_ppml,Schmul Park,-0.00646558530356504,0.0548453179067083,0.906156683763703,2296,8,TRUE,"",""
total_crime,leave_one_park_out,baseline_ppml,Richmond Terrace Park,0.0311152028385007,0.0573753321574306,0.587605130447604,2212,8,TRUE,"",""
theft,leave_one_park_out,baseline_ppml,Richmond Terrace Park,0.0817725536267625,0.128653001419064,0.525033592213671,2184,8,TRUE,"",""
non_theft,leave_one_park_out,baseline_ppml,Richmond Terrace Park,0.00801574447455045,0.039455882745051,0.839012207978684,2205,8,TRUE,"",""
day_crime,leave_one_park_out,baseline_ppml,Richmond Terrace Park,0.073699156948817,0.0684656479685355,0.28173055483477,2205,8,TRUE,"",""
night_crime,leave_one_park_out,baseline_ppml,Richmond Terrace Park,-0.0123967813705534,0.0550084737245067,0.821698212276433,2205,8,TRUE,"",""
total_crime,leave_one_park_out,baseline_ppml,Macombs Dam Park,0.00759629915979454,0.0509664887064523,0.88151814243194,2030,8,TRUE,"",""
theft,leave_one_park_out,baseline_ppml,Macombs Dam Park,0.0345663556276664,0.0924138259321823,0.708375457093153,2002,8,TRUE,"",""
non_theft,leave_one_park_out,baseline_ppml,Macombs Dam Park,-0.00864298953201923,0.0443722691564831,0.845562375699696,2016,8,TRUE,"",""
day_crime,leave_one_park_out,baseline_ppml,Macombs Dam Park,0.0409418350582406,0.0575093548789674,0.476516738010532,2023,8,TRUE,"",""
night_crime,leave_one_park_out,baseline_ppml,Macombs Dam Park,-0.029651225495264,0.0544407734483887,0.585993523469814,2016,8,TRUE,"",""
total_crime,leave_one_park_out,baseline_ppml,Starlight Park,0.0508389721013971,0.0656636530494592,0.438792971558818,2065,8,TRUE,"",""
theft,leave_one_park_out,baseline_ppml,Starlight Park,0.0958881832176539,0.141697133138416,0.498588554107168,2037,8,TRUE,"",""
non_theft,leave_one_park_out,baseline_ppml,Starlight Park,0.028961594277987,0.0457492806273683,0.526700818313733,2051,8,TRUE,"",""
day_crime,leave_one_park_out,baseline_ppml,Starlight Park,0.0849863689973847,0.0778475651353973,0.274963956475463,2058,8,TRUE,"",""
night_crime,leave_one_park_out,baseline_ppml,Starlight Park,0.0154669818769109,0.063789240703124,0.808415943027797,2051,8,TRUE,"",""
total_crime,leave_one_park_out,baseline_ppml,Estella Diggs Park,0.0287479168893803,0.0635862544186473,0.651190471795452,2128,8,TRUE,"",""
theft,leave_one_park_out,baseline_ppml,Estella Diggs Park,0.0721953214056755,0.137853837278961,0.600480822984895,2100,8,TRUE,"",""
non_theft,leave_one_park_out,baseline_ppml,Estella Diggs Park,0.00406139558271858,0.0424359081720291,0.923753615887297,2114,8,TRUE,"",""
day_crime,leave_one_park_out,baseline_ppml,Estella Diggs Park,0.0830792687951003,0.0753482832998348,0.270199459361729,2121,8,TRUE,"",""
night_crime,leave_one_park_out,baseline_ppml,Estella Diggs Park,-0.0282425902725844,0.0606429042034247,0.641416207021411,2114,8,TRUE,"",""
total_crime,leave_one_park_out,baseline_ppml,River Avenue Parks,0.0222497599469935,0.041541394581521,0.592231883553915,2135,8,TRUE,"",""
theft,leave_one_park_out,baseline_ppml,River Avenue Parks,0.0323687829272205,0.0958925709348203,0.735700396404777,2114,8,TRUE,"",""
non_theft,leave_one_park_out,baseline_ppml,River Avenue Parks,0.0213442433998357,0.0356519263745086,0.549383525665653,2121,8,TRUE,"",""
day_crime,leave_one_park_out,baseline_ppml,River Avenue Parks,0.0484146569321265,0.0509206289142037,0.341712663433305,2128,8,TRUE,"",""
night_crime,leave_one_park_out,baseline_ppml,River Avenue Parks,-0.00295282958895653,0.0418784649506139,0.943788140138803,2121,8,TRUE,"",""
